Genetikk,D.N.A.,Liebs Oder Lass Es,9/17/2022 10:37
Young Thug,Slime Season 3,With Them,9/17/2022 10:34
Post Malone,Hollywood's Bleeding,Goodbyes (feat. Young Thug),9/17/2022 10:31
Kanye West,JESUS IS KING,Up From the Ashes,9/17/2022 9:43
Kanye West,JESUS IS KING,Hands On,9/17/2022 9:39
Kanye West,JESUS IS KING,God Is,9/17/2022 9:35
Kanye West,JESUS IS KING,Follow God,9/17/2022 9:33
Kanye West,JESUS IS KING,Garden,9/17/2022 9:29
Kanye West,JESUS IS KING,Wake the Dead,9/17/2022 9:25
İsmail Yk,Bombabomba.com,Bombabomba.com,9/17/2022 9:24
Kanye West,JESUS IS KING,Hands On,9/16/2022 19:01
Kanye West,JESUS IS KING,God Is,9/16/2022 18:57
Kanye West,JESUS IS KING,Wake the Dead,9/16/2022 18:53
Playboi Carti,Narcissist Tour,F33l Lik3 Dyin,9/16/2022 16:23
Playboi Carti,Narcissist Tour,Slay3r,9/16/2022 16:20
Playboi Carti,Narcissist Tour,Control,9/16/2022 16:17
Kanye West,808s & Heartbreak,Bad News,9/16/2022 15:50
Kanye West,808s & Heartbreak,Street Lights,9/16/2022 15:46
Kanye West,808s & Heartbreak,Street Lights,9/16/2022 15:07
Kanye West,808s & Heartbreak,RoboCop,9/16/2022 14:48
Kanye West,808s & Heartbreak,Amazing,9/16/2022 14:46
Kanye West,808s & Heartbreak,Heartless,9/16/2022 14:42
Journey,Departure,Any Way You Want It,9/16/2022 14:38
The Rolling Stones,Big Hits (High Tide and Green Grass),It’s All Over Now,9/16/2022 14:35
The Rolling Stones,Big Hits (High Tide and Green Grass),Paint It Black,9/16/2022 14:32
Kanye West,DND : WTH CHLD,GDS TST,9/16/2022 12:59
Young Thug,Slime Season 3,With Them,9/16/2022 12:48
Post Malone,Hollywood's Bleeding,Goodbyes (feat. Young Thug),9/16/2022 12:45
070 Shake,You Can’t Kill Me,Cocoon,9/16/2022 12:42
Peter Fox,Stadtaffe,Der letzte Tag,9/16/2022 10:11
Peter Fox,Stadtaffe,Das zweite Gesicht,9/16/2022 10:08
Peter Fox,Stadtaffe,Schwarz zu blau,9/16/2022 10:05
Peter Fox,Stadtaffe,Kopf verloren,9/16/2022 10:02
Peter Fox,Stadtaffe,Der letzte Tag,9/16/2022 10:00
Playboi Carti,Narcissist Tour,Control,9/16/2022 9:53
Playboi Carti,Narcissist Tour,Die4Guy,9/16/2022 9:48