Northern soul dancing,,Do I Love You (Frank Wilson),25 Sep 2024 19:55
OMD,,Enola Gay (Virgin Radio Halloween Party),25 Sep 2024 19:15
Orchestral Manoeuvres in the Dark,,Pandora's Box,25 Sep 2024 19:04
Depeche Mode,,Photographic,25 Sep 2024 18:59
Bronski Beat,,Smalltown Boy (12 extended),25 Sep 2024 18:52
Bronski Beat,,Smalltown Boy (12 extended),25 Sep 2024 18:48
Heaven Must Have Sent You,,The Elgins,25 Sep 2024 18:44
Stevie Wonder,Songs in the Key of Life,Saturn,25 Sep 2024 18:37
Modern English,,I Melt with You,25 Sep 2024 18:37
Soft Cell,,Tainted Love,25 Sep 2024 18:35
Stevie Wonder,Songs in the Key of Life,Another Star,25 Sep 2024 18:29
Stevie Wonder,Songs in the Key of Life,As,25 Sep 2024 18:22
Stevie Wonder,Songs in the Key of Life,If It's Magic,25 Sep 2024 18:19
Stevie Wonder,Songs in the Key of Life,Ngiculela-Es Una Historia-I Am Singing,25 Sep 2024 18:15
Stevie Wonder,Songs in the Key of Life,Black Man,25 Sep 2024 18:06
Cro,SPACEJAM EP,nie weg,25 Sep 2024 18:04
Stevie Wonder,Songs in the Key of Life,Joy Inside My Tears,25 Sep 2024 17:57
Stevie Wonder,Songs in the Key of Life,Isn't She Lovely,25 Sep 2024 17:51
Stevie Wonder,Songs in the Key of Life,Ordinary Pain,25 Sep 2024 17:44
Stevie Wonder,Songs in the Key of Life,Summer Soft,25 Sep 2024 17:40
Nas,Stillmatic,Got Ur Self a Gun,25 Sep 2024 17:36
Coolio,It Takes a Thief,Fantastic Voyage,25 Sep 2024 17:31
Coolio,It Takes a Thief,Fantastic Voyage,25 Sep 2024 17:25
Stevie Wonder,Songs in the Key of Life,Love's in Need of Love Today,25 Sep 2024 17:18
Stevie Wonder,Songs in the Key of Life,Have a Talk with God,25 Sep 2024 17:16
Stevie Wonder,Songs in the Key of Life,Pastime Paradise,25 Sep 2024 17:12
Ty Dolla $ign,Beach House 3 (Deluxe Edition),Droptop in the Rain (feat. Tory Lanez),25 Sep 2024 06:24
Ty Dolla $ign,Beach House 3 (Deluxe Edition),Lil Favorite (feat. MadeinTYO),25 Sep 2024 06:21
Stevie Wonder,Songs in the Key of Life,Pastime Paradise,25 Sep 2024 06:16
Ty Dolla $ign,Beach House 3 (Deluxe Edition),Lil Favorite (feat. MadeinTYO),24 Sep 2024 21:47
Ty Dolla $ign, Tory Lanez,Beach House 3,Droptop in the Rain (feat. Tory Lanez),24 Sep 2024 15:54
Ty Dolla $ign,Beach House 3 (Deluxe Edition),Droptop in the Rain (feat. Tory Lanez),24 Sep 2024 15:54
Ty Dolla $ign, MadeinTYO,Beach House 3,Lil Favorite (feat. MadeinTYO),24 Sep 2024 15:50
Ty Dolla $ign,Beach House 3 (Deluxe Edition),Lil Favorite (feat. MadeinTYO),24 Sep 2024 15:50
Don Toliver,HARDSTONE PSYCHO,glock,24 Sep 2024 15:48
Don Toliver,HARDSTONE PSYCHO,glock,24 Sep 2024 15:48
Soulja Boy,,Fuck Bow Wow (2009 Bow Wow Diss),24 Sep 2024 15:04
Soulja Boy,,Fuck Bow Wow (2009 Bow Wow Diss),24 Sep 2024 15:00
Pusha T, Pharrell Williams,My Name Is My Name,S.N.I.T.C.H.,24 Sep 2024 14:16
Pusha T, Future,My Name Is My Name,Pain,24 Sep 2024 14:12
Pusha T, Kendrick Lamar,My Name Is My Name,Nosetalgia,24 Sep 2024 14:08
Pusha T, 2 Chainz, Big Sean,My Name Is My Name,Who I Am,24 Sep 2024 14:04
Pusha T, Kelly Rowland,My Name Is My Name,Let Me Love You,24 Sep 2024 14:00
Pusha T, Jeezy, Kevin Cossom,My Name Is My Name,No Regrets,24 Sep 2024 12:30
Pusha T, Ab-Liva,My Name Is My Name,Suicide,24 Sep 2024 09:52
Pusha T, Rick Ross,My Name Is My Name,Hold On,24 Sep 2024 09:47
Pusha T, Chris Brown,My Name Is My Name,Sweet Serenade,24 Sep 2024 09:43
Pusha T, Chris Brown,My Name Is My Name,Sweet Serenade,24 Sep 2024 09:41
Pusha T,My Name Is My Name,Numbers on the Boards,24 Sep 2024 09:38
Pusha T,My Name Is My Name,King Push,24 Sep 2024 09:35
TheyCallHimAP,Memoirs Of A Ghetto Summer,Trip To Florida,24 Sep 2024 09:13
350heem,The Poet,Snares & Bass,24 Sep 2024 09:11
Fat Money,Money Got Wings,Aww Man,24 Sep 2024 09:09
FAT MONEY, Pusha T,Cinco De Money 8: Part 3,Immunity,24 Sep 2024 09:06
Jay-Z, Beyoncé,The Blueprint 2: The Gift & The Curse,03' Bonnie & Clyde,24 Sep 2024 09:03
FAT MONEY, Pusha T,Cinco De Money 8: Part 3,Immunity,24 Sep 2024 09:00
Stevie Wonder,Songs in the Key of Life,Joy Inside My Tears,24 Sep 2024 08:50
Stevie Wonder,Songs in the Key of Life,Isn't She Lovely,24 Sep 2024 08:43
Stevie Wonder,Songs in the Key of Life,Ordinary Pain,24 Sep 2024 08:38
Stevie Wonder,Songs in the Key of Life,Ordinary Pain,24 Sep 2024 07:09
Stevie Wonder,Songs in the Key of Life,Summer Soft,24 Sep 2024 07:05
Stevie Wonder,Songs in the Key of Life,Pastime Paradise,24 Sep 2024 07:01
Stevie Wonder,Songs in the Key of Life,Knocks Me Off My Feet,24 Sep 2024 06:58
Stevie Wonder,Songs in the Key of Life,I Wish,24 Sep 2024 06:54
Stevie Wonder,Songs in the Key of Life,Sir Duke,24 Sep 2024 06:50
Stevie Wonder,Songs in the Key of Life,Contusion,24 Sep 2024 06:46
Stevie Wonder,Songs in the Key of Life,Village Ghetto Land,24 Sep 2024 06:42
Stevie Wonder,Songs in the Key of Life,Have a Talk with God,24 Sep 2024 06:40
Stevie Wonder,Songs in the Key of Life,Love's in Need of Love Today,24 Sep 2024 06:33
Linkin Park,Minutes to Midnight,Bleed It Out,24 Sep 2024 06:10
Linkin Park,Hybrid Theory (Bonus Edition),In the End,24 Sep 2024 06:05
Linkin Park,Meteora,Faint,24 Sep 2024 06:03
Linkin Park,Meteora,Numb,24 Sep 2024 06:00
Arcade Player,Mario Kart Wii, The Themes,Rainbow Road (From "Mario Kart Wii"),23 Sep 2024 17:46
Arcade Player,Super Mario Galaxy, Greatest Themes & Sounds,Gusty Garden Galaxy,23 Sep 2024 17:43
Video Game Music Box,Music Box Classics: Mario,Gusty Garden (from "Super Mario Galaxy"),23 Sep 2024 17:39
Ty Dolla $ign,Beach House 3 (Deluxe Edition),Droptop in the Rain (feat. Tory Lanez),23 Sep 2024 17:35
Ty Dolla $ign,Beach House 3 (Deluxe Edition),Lil Favorite (feat. MadeinTYO),23 Sep 2024 17:32
Stevie Wonder,Songs in the Key of Life,Pastime Paradise,23 Sep 2024 17:29
Nas,NASIR,Simple Things,23 Sep 2024 17:27
Nas,NASIR,Adam and Eve,23 Sep 2024 17:19
Nas,NASIR,Everything,23 Sep 2024 17:15
Nas,NASIR,Bonjour,23 Sep 2024 17:13
Nas,NASIR,White Label,23 Sep 2024 17:11
Nas,NASIR,Cops Shot The Kid,23 Sep 2024 17:08
Nas,NASIR,Not For Radio,23 Sep 2024 17:06
Jay Electronica,A Written Testimony,The Neverending Story,23 Sep 2024 17:02
Linkin Park,Living Things,Castle of Glass,23 Sep 2024 14:19
Linkin Park,Meteora,Numb,23 Sep 2024 14:17
Linkin Park,Meteora,Faint,23 Sep 2024 14:15
Linkin Park,Minutes to Midnight,Bleed It Out,23 Sep 2024 14:11
Stevie Wonder,Songs in the Key of Life,Joy Inside My Tears,23 Sep 2024 14:01
Stevie Wonder,Songs in the Key of Life,Isn't She Lovely,23 Sep 2024 13:46
Stevie Wonder,Songs in the Key of Life,Ordinary Pain,23 Sep 2024 13:39
Stevie Wonder,Songs in the Key of Life,Summer Soft,23 Sep 2024 13:35
Stevie Wonder,Songs in the Key of Life,Pastime Paradise,23 Sep 2024 13:27
Stevie Wonder,Songs in the Key of Life,Pastime Paradise,23 Sep 2024 13:24
Stevie Wonder,Songs in the Key of Life,Knocks Me Off My Feet,23 Sep 2024 13:20
Stevie Wonder,Songs in the Key of Life,I Wish,23 Sep 2024 13:16
Stevie Wonder,Songs in the Key of Life,Sir Duke,23 Sep 2024 13:12
Stevie Wonder,Songs in the Key of Life,Contusion,23 Sep 2024 13:08
Stevie Wonder,Songs in the Key of Life,Village Ghetto Land,23 Sep 2024 13:05
Stevie Wonder,Songs in the Key of Life,Have a Talk with God,23 Sep 2024 13:01
Stevie Wonder,Songs in the Key of Life,Love's in Need of Love Today,23 Sep 2024 12:54
OG Keemo,Fieber,Aus dem Schneider - Freestyle,23 Sep 2024 12:52
Don Toliver,HARDSTONE PSYCHO,glock,23 Sep 2024 12:48
Hasso Gakudan,Pom Poko Soundtrack,Life of a Tanuki,23 Sep 2024 12:44
Cécile Corbel,Arrietty Soundtrack,Arrietty's Song (Instrumental Version),23 Sep 2024 12:41
久石譲,Princess Mononoke Image Album,The Legend of Ashitaka,23 Sep 2024 12:36
Satoshi Takebe,From Up On Poppy Hill Soundtrack,Off To School In The Morning,23 Sep 2024 12:31
久石譲,Laputa: Castle in the Sky Soundtrack -The Mystery of the Levitation Stone-,Castle in the Sky,23 Sep 2024 12:27
星勝,Only Yesterday Original Soundtrack,Main Theme,23 Sep 2024 12:25
久石譲,Howl's Moving Castle Soundtrack,The Flower Garden,23 Sep 2024 12:22
Chieko Baisho,Howl's Moving Castle Soundtrack,Ending Song - The Promise of the World - Merry-Go-Round of Life,23 Sep 2024 12:15
久石譲,Nausicaä of the Valley of the Wind Soundtrack: Towards the Faraway Land,Nausicaä Requiem,23 Sep 2024 12:12
久石譲,Symphonic Suite Princess Mononoke,3rd Movement The Journey To The West,23 Sep 2024 12:07
久石譲,Kiki's Delivery Service Soundtrack Music Collection,A Town with an Ocean View,23 Sep 2024 12:04
久石譲,My Neighbor Totoro Sound Book,The Path of the Wind,23 Sep 2024 12:00
久石譲,The Tale of The Princess Kaguya Soundtrack,Spring Waltz,23 Sep 2024 11:58
久石譲,Laputa: Castle in the Sky Soundtrack -The Mystery of the Levitation Stone-,The Girl Who Fell From the Sky,23 Sep 2024 11:56
久石譲,Spirited Away Soundtrack,One Summer Day,23 Sep 2024 11:23
